{
  "category": "misc",
  "key": {
    "1": [
      "minecraft:blaze_rod"
    ],
    "2": [
      "diamond",
      "minecraft:netherite_ingot",
      "minecraft:magma_block"
    ]
  },
  "pattern": [
    "   ",
    " 1 ",
    "2  "
  ],
  "ingredients": [
    [
      "minecraft:iron_ingot",
      "diamond",
      "minecraft:netherite_ingot"
    ],
    [
      "minecraft:blaze_rod"
    ]
  ],
  "result": {
    "components": {
      "minecraft:item_name": "\"Fiery Sharpened Stick\"",
      "minecraft:attribute_modifiers": {
        "modifiers": [
          {
            "type": "minecraft:entity_interaction_range",
            "id": "minecraft:",
            "amount": 2,
            "operation": "add_value",
            "slot": "mainhand"
          },
          {
            "type": "minecraft:attack_damage",
            "id": "minecraft:",
            "amount": 4,
            "operation": "add_value",
            "slot": "mainhand"
          }
        ],
        "show_in_tooltip": false
      },
      "minecraft:item_model": "minecraft:blaze_rod",
      "minecraft:enchantments": {
        "minecraft:fire_aspect": 3
      }
    },
    "count": 1,
    "id": "minecraft:flint_and_steel"
  },
  "type": "minecraft:crafting_shapeless"
}