{
    "category": "misc",
    "ingredients": [
        [
            "minecraft:debug_stick",
            "minecraft:stick"
        ],
        [
            "minecraft:iron_ingot",
            "minecraft:chiseled_stone_bricks",
            "minecraft:cobblestone",
            "minecraft:flint"
        ]
    ],
    "result": {
        "components": {
            "minecraft:attribute_modifiers": {
                "modifiers": [
                    {
                        "amount": 2,
                        "id": "minecraft:",
                        "operation": "add_value",
                        "slot": "mainhand",
                        "type": "minecraft:entity_interaction_range"
                    },
                    {
                        "amount": 2,
                        "id": "minecraft:",
                        "operation": "add_value",
                        "slot": "mainhand",
                        "type": "minecraft:attack_damage"
                    }
                ]
            },
            "minecraft:item_model": "stick",
            "minecraft:item_name": "\"Sharpened Stick\""
        },
        "count": 1,
        "id": "minecraft:wooden_shovel"
    },
    "type": "minecraft:crafting_shapeless"
}